<?xml version="1.0" encoding="utf-8" standalone="yes" ?>
<T3locallang>
	<meta type="array">
		<type>module</type>
		<description>Language labels for extension 'univie_pure'</description>
	</meta>
	<data type="array">
		<languageKey index="default" type="array">
			<label index="pure_server">Pure Server (e.g. server.com/ws/api/)</label>
			<label index="apiKey">Authentification token</label>
			<label index="versionPath">Version Path (e.g. 59/)</label>
		</languageKey>
		<languageKey index="de" type="array">
			<label index="pure_server">Pure Server (z.B. server.com/ws/api/)</label>
			<label index="apiKey">Authentifizierungs Token</label>
			<label index="versionPath">Versions Pfad (z.B. 59/)</label>
		</languageKey>
		<languageKey index="en" type="array">
			<label index="pure_server">Pure Server (e.g. server.com/ws/api/)</label>
			<label index="apiKey">Authentification token</label>
			<label index="versionPath">Version Path (e.g. 59/)</label>
		</languageKey>
	</data>
</T3locallang>